user_key,user_id,name,email,address
1,1,"James Wilson",james.wilson@email.com,"123 Oak Street"
2,2,"Maria Garcia",maria.garcia@company.com,"456 Pine Avenue"
3,5,"Michael Brown",michael.brown@email.com,"654 Cedar Lane"
4,6,"Lisa Anderson",lisa.anderson@company.com,"987 Birch Road"
5,7,"David Kim",david.kim@email.com,"147 Willow Court"
6,8,"Sarah Taylor",sarah.taylor@test.com,"258 Spruce Way"
7,9,"John Smith3",john.smith@email.com,"369 Aspen Boulevard"
8,11,"Daniel Martinez",daniel.martinez@email.com,"852 Walnut Avenue"
9,12,"Jessica Johnson",jessica.johnson@test.com,"963 Hickory Drive"
10,13,"Christopher Lee",christopher.lee@email.com,"159 Poplar Lane"
11,14,"Amanda Davis",amanda.davis@company.com,"267 Magnolia Road"
12,15,"Matthew Rodriguez",matthew.rodriguez@test.com,"378 Dogwood Court"
13,16,"Ashley Miller",ashley.miller@email.com,"489 Sycamore Way"
14,17,"Joshua Garcia",joshua.garcia@company.com,"591 Redwood Street"
15,20,"Stephanie Brown",stephanie.brown@test.com,"835 Cottonwood Lane"
16,21,"Brandon Lee",brandon.lee@email.com,"946 Hawthorn Road"
17,22,"Nicole Anderson",nicole.anderson@company.com,"157 Laurel Court"
18,24,"Rachel Martinez",rachel.martinez@email.com,"379 Beech Street"
19,25,"Kevin Davis",kevin.davis@company.com,"481 Fir Avenue"
20,26,"Lauren Smith",lauren.smith@test.com,"592 Ash Drive"
21,27,"Jason White",jason.white@email.com,"614 Linden Lane"
22,28,"Samantha Chen",samantha.chen@company.com,"725 Chestnut Road"
23,29,"Justin Garcia",justin.garcia@email.com,"836 Yew Court"
24,30,"Brittany Rodriguez",brittany.rodriguez@test.com,"947 Elder Way"
25,31,"Austin Miller",austin.miller@email.com,"158 Sequoia Street"
26,32,"Megan Wilson",megan.wilson@company.com,"269 Hemlock Avenue"
27,33,"Zachary Taylor",zachary.taylor@test.com,"371 Basswood Drive"
28,35,"Cameron Anderson",cameron.anderson@email.com,"593 Ginkgo Road"
29,36,"Alexis Johnson",alexis.johnson@company.com,"615 Olive Court"
30,38,"Victoria Martinez",victoria.martinez@email.com,"837 Acacia Street"
31,39,"Jordan Davis",jordan.davis@company.com,"948 Banyan Avenue"
32,40,"Hannah Smith",hannah.smith@test.com,"159 Eucalyptus Drive"
33,41,"Nathan White",nathan.white@email.com,"261 Mesquite Lane"
34,43,"Caleb Garcia",caleb.garcia@test.com,"483 Mahogany Court"
35,44,"Olivia Rodriguez",olivia.rodriguez@email.com,"594 Teak Way"
36,45,"Ethan Miller",ethan.miller@company.com,"616 Rosewood Street"
37,46,"Abigail Wilson",abigail.wilson@test.com,"727 Ebony Avenue"
38,47,"Aaron Taylor",aaron.taylor@email.com,"838 Sandalwood Drive"
39,49,"Jacob Anderson",jacob.anderson@test.com,"151 Boxwood Road"
40,50,"Chloe Johnson",chloe.johnson@email.com,"262 Zebrawood Court"
41,51,"Logan Lee",logan.lee@company.com,"373 Bamboo Way"
42,52,"Emma Martinez",emma.martinez@test.com,"484 Palmetto Street"
43,53,"Ryan Davis",ryan.davis@email.com,"595 Myrtle Avenue"
44,55,"Jack White",jack.white@test.com,"728 Jasmine Lane"
45,56,"Ava Chen",ava.chen@email.com,"839 Violet Road"
46,57,"Connor Garcia",connor.garcia@company.com,"941 Azalea Court"
47,59,"Luke Miller",luke.miller@email.com,"263 Lotus Street"
48,60,"Mia Wilson",mia.wilson@company.com,"374 Orchid Avenue"
49,61,"Owen Taylor",owen.taylor@test.com,"485 Tulip Drive"
50,62,"Charlotte Brown",charlotte.brown@email.com,"596 Lily Lane"
51,63,"Liam Anderson",liam.anderson@company.com,"618 Rose Road"
52,64,"Amelia Johnson",amelia.johnson@test.com,"729 Daisy Court"
53,65,"Mason Lee",mason.lee@email.com,"831 Iris Way"
54,67,"Elijah Davis",elijah.davis@test.com,"153 Carnation Avenue"
55,68,"Evelyn Smith",evelyn.smith@email.com,"264 Sunflower Drive"
56,69,"Noah White",noah.white@company.com,"375 Marigold Lane"
57,71,"William Garcia",william.garcia@email.com,"597 Poppy Court"
58,72,"Scarlett Rodriguez",scarlett.rodriguez@company.com,"619 Begonia Way"
59,73,"James2 Miller",james2.miller@test.com,"721 Gardenia Street"
60,75,"Benjamin Taylor",benjamin.taylor@company.com,"943 Hibiscus Drive"
61,76,"Lily Brown",lily.brown@test.com,"154 Primrose Lane"
62,77,"Samuel Anderson",samuel.anderson@email.com,"265 Heather Road"
63,78,"Zoey Johnson",zoey.johnson@company.com,"376 Clover Court"
64,79,"Henry Lee",henry.lee@test.com,"487 Fern Way"
65,80,"Nora Martinez",nora.martinez@email.com,"598 Ivy Street"
66,81,"Alexander Davis",alexander.davis@company.com,"611 Moss Avenue"
67,83,"Sebastian White",sebastian.white@email.com,"833 Sage Lane"
68,84,"Lillian Chen",lillian.chen@company.com,"944 Basil Road"
69,85,"Daniel Garcia",daniel.garcia@email.com,"155 Thyme Court"
70,86,"Aria Rodriguez",aria.rodriguez@test.com,"266 Mint Way"
71,87,"Matthew Miller",matthew.miller@email.com,"377 Parsley Street"
72,89,"Jackson Taylor",jackson.taylor@test.com,"599 Dill Drive"
73,90,"Zoe Brown",zoe.brown@email.com,"612 Cilantro Lane"
74,91,"Lucas Anderson",lucas.anderson@company.com,"723 Fennel Road"
75,93,"David Lee",david.lee@email.com,"945 Sorrel Way"
76,94,"Stella Martinez",stella.martinez@company.com,"156 Tarragon Street"
77,95,"Joseph Davis",joseph.davis@test.com,"267 Marjoram Avenue"
78,96,"Natalie Smith",natalie.smith@email.com,"378 Rosemary Drive"
79,98,"Leah Chen",leah.chen@test.com,"591 Chamomile Road"
80,99,"Wyatt Garcia",wyatt.garcia@email.com,"613 Bergamot Court"
81,100,"Hazel Rodriguez",hazel.rodriguez@company.com,"724 Lemongrass Way"
